kind,task,method,model_seed,artifact_name,local_path,hf_path,sha256,bytes
checkpoint,peg,ACT,0,manuscript_peg_act_seed0,outputs/act_comparability/peg/seed-0/training/checkpoints/epoch-1400.pt,checkpoints/manuscript_20260921/peg/act_seed0_epoch-1400.pt,c9c1e8cd08dae4d5501dbbeceae933e69e2037633f31007e4257914d346a911d,290835975
checkpoint,peg,ACT,1,manuscript_peg_act_seed1,outputs/act_comparability/peg/seed-1/training/checkpoints/epoch-2000.pt,checkpoints/manuscript_20260921/peg/act_seed1_epoch-2000.pt,be70ae8abc8c2d6adf9e23af77bb312cf474456ef65b5b6baad0f7c4aac2e348,290836295
checkpoint,peg,ACT,2,manuscript_peg_act_seed2,outputs/act_comparability/peg/seed-2/training/checkpoints/epoch-1600.pt,checkpoints/manuscript_20260921/peg/act_seed2_epoch-1600.pt,17c85466b3f30e40e2d50c10f42ab13d71abf5931bfc25d5ba9f2eae6a71b598,290836295
checkpoint,upright,ACT,0,manuscript_upright_act_seed0,outputs/act_comparability/upright/seed-0/training/checkpoints/epoch-2000.pt,checkpoints/manuscript_20260921/upright/act_seed0_epoch-2000.pt,94888be60215900c6aff75d73ae8d4fd15535691ff16a7fcb545d34556e22fa7,290835783
checkpoint,upright,ACT,1,manuscript_upright_act_seed1,outputs/act_comparability/upright/seed-1/training/checkpoints/epoch-1600.pt,checkpoints/manuscript_20260921/upright/act_seed1_epoch-1600.pt,486c949951b139d7138e2aea427da5160382a4cf347439944054245353ff65b1,290836167
checkpoint,upright,ACT,2,manuscript_upright_act_seed2,outputs/act_comparability/upright/seed-2/training/checkpoints/epoch-1300.pt,checkpoints/manuscript_20260921/upright/act_seed2_epoch-1300.pt,7314bc7bc23242866362e37085bf8cd54579315ad27e9805ff3b34b3e217049a,290836167
checkpoint,peg,DAgger,1,manuscript_peg_dagger_seed1,outputs/iclr_dagger_three_task/peg/student_final.pt,checkpoints/manuscript_20260921/peg/dagger_seed1_student_final.pt,8f3d5b0de3e0aae9c8550f62887c3128877ca2249734d4bfe314fb3bfa24f11b,973733
checkpoint,upright,DAgger,1,manuscript_upright_dagger_seed1,outputs/iclr_dagger_three_task/upright/student_final.pt,checkpoints/manuscript_20260921/upright/dagger_seed1_student_final.pt,44cda536c7d9edbe52ce2b4ebbda8780c27e2ae360421b234c50712f65f474a1,973733
checkpoint,peg,Diffusion Policy,42,manuscript_peg_dp_seed42,outputs/iclr_dp_three_task_20260919/raw/checkpoints/dp_peg.pt,checkpoints/manuscript_20260921/peg/dp_seed42_dp_peg.pt,917a2bb36d2f35321726cf9b26f995d0d92096be0ef8725f7cd1ee8831ed6b4c,555715765
checkpoint,upright,Diffusion Policy,42,manuscript_upright_dp_seed42,outputs/iclr_dp_three_task_20260919/raw/checkpoints/dp_upright.pt,checkpoints/manuscript_20260921/upright/dp_seed42_dp_upright.pt,20e22e97eb4cdac0dface0fe3ac2a0cbc6bc7691336b44ebbab9c39304779ce8,555723389
checkpoint,parcel,ACT,0,act_a_checkpoint,outputs/paper/act/act_stow.pt,checkpoints/act_stow.pt,0d9400462d8ff4d3d99614d48a1d6c365de3e3df8faa9bf88f91677130a0d4af,290831567
checkpoint,parcel,ACT,0,act_n100_checkpoint,outputs/paper/act_demoscale/act_n100/act_n100.pt,checkpoints/act_n100.pt,1d1e770441ee7b449d424b068fc6c8b6ffa8873daaa9ed4b2521a7e513328de3,290831567
checkpoint,parcel,ACT,0,act_n50_checkpoint,outputs/paper/act_demoscale/act_n50/act_n50.pt,checkpoints/act_n50.pt,63e28243b6eb764d014a981abadfdb4d123c769ac421e48dd06330ae77cedb12,290830739
checkpoint,parcel,ACT,1,act_seed2_checkpoint,outputs/paper/act_multiseed/act_seed2/act_seed2.pt,checkpoints/act_seed2.pt,062e0d175e498f287a1e47487347e2f4ca68699765acfb366785f874e4105c25,290831819
checkpoint,parcel,ACT,2,act_seed3_checkpoint,outputs/paper/act_multiseed/act_seed3/act_seed3.pt,checkpoints/act_seed3.pt,8dfcc8afc622ba09b52ab4d4360be17c89325115e7dd5b6df16267be6127b593,290831819
checkpoint,parcel,DAgger,UNKNOWN,dagger_checkpoint,outputs/paper/dagger/student_final.pt,checkpoints/student_final.pt,710aae85ff1889d573732f455012fc28cc68571938de7bb686143a3bca9efff8,973797
checkpoint,parcel,Diffusion Policy,UNKNOWN,dp_checkpoint,outputs/paper/dp/dp_stow.pt,checkpoints/dp_stow.pt,e0c456d7b856d7f21bf502707ec295b25baa89c06f56d2ed76392a5376550f27,555721895
dataset,parcel,expert demonstrations,N/A,demos_n100,outputs/paper/act_demoscale/demos_n100.pt,demonstrations/subsets/demos_n100.pt,1223b95dbe671b1d1eb9a0692e15453816cf1f97047c2ec089e60d3825a04ea6,43417049
dataset,parcel,expert demonstrations,N/A,demos_n50,outputs/paper/act_demoscale/demos_n50.pt,demonstrations/subsets/demos_n50.pt,b9568372c4460961513917ac324f2cc8473c3aa80dd366a4f7a24f68591ab8e0,21747851
dataset,parcel,expert demonstrations,N/A,expert_demonstrations,outputs/paper/demos/expert_episodes.pt,demonstrations/expert_episodes.pt,5c443c62d21471897edad0132dbc46bc24f19ea63d77fd2b8f9c6e53bd605fa2,128983707
dataset,peg,expert demonstrations,N/A,peg_expert_demonstrations,outputs/peg/demos/expert_episodes.pt,demonstrations/peg_expert_episodes.pt,4512ae3a7b0b651faa380351ff727cdabe85ec1b132fdec0ac5f3ec0c0fff17d,310866091
dataset,upright,expert demonstrations,N/A,upright_expert_demonstrations,outputs/upright/demos/expert_episodes.pt,demonstrations/upright_expert_episodes.pt,2959a476b294bbd63fe76a4a7ab4e64e1a87dfadd7e146b132559b953acfbb07,194929139
